{
  "timestamp": "2025-09-16T23:30:28.660485",
  "memory_files": {
    "persona.md": {
      "total_commits": 1,
      "word_count": 254,
      "line_count": 36,
      "character_count": 1751,
      "last_modified": "2025-09-16T23:25:32.310995",
      "content_hash": "4803c2374b1fbe2709594caf8355c3e8"
    },
    "technical_domains.md": {
      "total_commits": 1,
      "word_count": 102,
      "line_count": 22,
      "character_count": 656,
      "last_modified": "2025-07-24T01:13:26.421516",
      "content_hash": "2756dabb996e2ed1515e6df3636f6d76"
    },
    "stylistic_voice.md": {
      "total_commits": 1,
      "word_count": 81,
      "line_count": 18,
      "character_count": 524,
      "last_modified": "2025-07-24T01:13:34.595751",
      "content_hash": "a9e23c760aa7d3e63120a3d3d9fe1535"
    },
    "TIMELINE.md": {
      "total_commits": 1,
      "word_count": 473,
      "line_count": 127,
      "character_count": 3976,
      "last_modified": "2025-08-04T07:21:07.685180",
      "content_hash": "38020e97e7edc7db818b0cf979787e1f"
    },
    "relationship_dynamics.md": {
      "total_commits": 1,
      "word_count": 149,
      "line_count": 23,
      "character_count": 931,
      "last_modified": "2025-09-16T23:20:26.619328",
      "content_hash": "0d7792d8b6923188160a05ceb0173ee2"
    },
    "runtime_observations.jsonl": {
      "total_observations": 6,
      "date_range": null,
      "observation_types": {
        "unknown": 6
      },
      "average_length": 141.83333333333334
    }
  },
  "change_patterns": {},
  "stability_metrics": {
    "total_memory_files": 6,
    "average_commits_per_file": 0.8333333333333334,
    "memory_consistency_score": 0.0,
    "evolution_velocity": "stable"
  }
}