{
  "timestamp": "2025-08-02T03:16:48.634691",
  "memory_files": {
    "persona.md": {
      "total_commits": 1,
      "word_count": 143,
      "line_count": 23,
      "character_count": 930,
      "last_modified": "2025-07-24T01:13:12.345896",
      "content_hash": "e8ca092c1db1fdf60360d028d7fbb9df"
    },
    "technical_domains.md": {
      "total_commits": 1,
      "word_count": 102,
      "line_count": 22,
      "character_count": 656,
      "last_modified": "2025-07-24T01:13:26.421516",
      "content_hash": "2756dabb996e2ed1515e6df3636f6d76"
    },
    "stylistic_voice.md": {
      "total_commits": 1,
      "word_count": 81,
      "line_count": 18,
      "character_count": 524,
      "last_modified": "2025-07-24T01:13:34.595751",
      "content_hash": "a9e23c760aa7d3e63120a3d3d9fe1535"
    },
    "relationship_dynamics.md": {
      "total_commits": 1,
      "word_count": 126,
      "line_count": 21,
      "character_count": 788,
      "last_modified": "2025-07-24T01:13:19.574175",
      "content_hash": "de22ef780bb8783accba7666b74c9a90"
    },
    "runtime_observations.jsonl": {
      "total_observations": 5,
      "date_range": null,
      "observation_types": {
        "unknown": 5
      },
      "average_length": 125.4
    }
  },
  "change_patterns": {},
  "stability_metrics": {
    "total_memory_files": 5,
    "average_commits_per_file": 0.8,
    "memory_consistency_score": 0.0,
    "evolution_velocity": "stable"
  }
}