{
  "timestamp": "2025-09-16T23:30:28.700844",
  "memory_integrity": {
    "required_files_present": 5,
    "total_required": 5,
    "missing_files": [],
    "file_sizes": {
      "persona.md": 1756,
      "relationship_dynamics.md": 936,
      "technical_domains.md": 661,
      "stylistic_voice.md": 527,
      "runtime_observations.jsonl": 857
    },
    "completeness_percentage": 100.0
  },
  "file_completeness": {
    "persona.md": {
      "word_count": 254,
      "line_count": 36,
      "has_content": true,
      "content_quality": "good"
    },
    "technical_domains.md": {
      "word_count": 102,
      "line_count": 22,
      "has_content": true,
      "content_quality": "good"
    },
    "stylistic_voice.md": {
      "word_count": 81,
      "line_count": 18,
      "has_content": true,
      "content_quality": "good"
    },
    "TIMELINE.md": {
      "word_count": 473,
      "line_count": 127,
      "has_content": true,
      "content_quality": "good"
    },
    "relationship_dynamics.md": {
      "word_count": 149,
      "line_count": 23,
      "has_content": true,
      "content_quality": "good"
    }
  },
  "git_health": {
    "is_clean": false,
    "uncommitted_changes": 15,
    "git_available": true
  },
  "backup_status": {
    "backup_configured": true,
    "last_backup": "2025-08-02T03:16:57-04:00",
    "hours_since_backup": 1100.2254734316666,
    "backup_health": "stale",
    "total_snapshots": 1
  },
  "recommendations": [
    {
      "priority": "medium",
      "category": "backup",
      "message": "Backup is stale. Check automated backup system."
    }
  ]
}